{
    "Log_in": "Masuk",
    "Register": "Daftar",
    "Announcement": "Pemberitahuan",
    "Registration_Info": "Info Pendaftaran",
    "Voucher_not_found__please_buy_voucher_befor_register": "Voucher tidak ditemukan, silakan beli voucher sebelum mendaftar",
    "Register_Success__You_can_login_now": "Daftar Sukses!  Anda dapat masuk sekarang",
    "Log_in_to_Member_Panel": "Masuk ke Panel Anggota",
    "Register_as_Member": "Daftar sebagai Anggota",
    "Enter_Admin_Area": "Masuk ke Admin Panel",
    "PHPNuxBill": "PHPNuxBill",
    "Username": "Nama Pengguna",
    "Password": "Kata Sandi",
    "Passwords_does_not_match": "Kata Sandi tidak cocok",
    "Account_already_axist": "Akun telah ada",
    "Manage": "Mengelola",
    "Submit": "Kirim",
    "Save_Changes": "Simpan perubahan",
    "Cancel": "Batal",
    "Edit": "Sunting",
    "Delete": "Hapus",
    "Welcome": "Selamat Datang",
    "Data_Created_Successfully": "Data Berhasil Dibuat",
    "Data_Updated_Successfully": "Data Berhasil Diperbarui",
    "Data_Deleted_Successfully": "Data Berhasil Dihapus",
    "Static_Pages": "Halaman Statis",
    "Failed_to_save_page__make_sure_i_can_write_to_folder_pages___i_chmod_664_pages___html_i_": "Gagal menyimpan halaman, pastikan diperbolehkan menulis file di folder pages, <i>chmod 664 pages\/*.html<i>",
    "Saving_page_success": "Menyimpan halaman sukses",
    "Sometimes_you_need_to_refresh_3_times_until_content_change": "Terkadang Anda perlu menyegarkan 3 kali hingga konten berubah",
    "Dashboard": "Dasbor",
    "Search_Customers___": "Cari Member...",
    "My_Account": "Akun Saya",
    "My_Profile": "Profil Saya",
    "Settings": "Pengaturan",
    "Edit_Profile": "Sunting profil",
    "Change_Password": "Ganti kata sandi",
    "Logout": "Keluar",
    "Services": "Layanan",
    "Bandwidth_Plans": "Paket Bandwidth",
    "Bandwidth_Name": "Nama Bandwidth",
    "New_Bandwidth": "Baru Bandwidth",
    "Edit_Bandwidth": "Sunting Bandwidth",
    "Add_New_Bandwidth": "Tambahkan Bandwidth Baru",
    "Rate_Download": "Nilai Unduhan",
    "Rate_Upload": "Nilai Unggahan",
    "Name_Bandwidth_Already_Exist": "Nama Bandwidth Sudah Ada",
    "Hotspot_Plans": "Paket Hotspot",
    "PPPOE_Plans": "Paket PPPoE",
    "Plan_Name": "Nama Paket",
    "New_Service_Plan": "Paket Layanan Baru",
    "Add_Service_Plan": "Tambah Paket Layanan",
    "Edit_Service_Plan": "Sunting Paket Layanan",
    "Name_Plan_Already_Exist": "Nama Paket Sudah Ada",
    "Plan_Type": "Jenis Paket",
    "Plan_Price": "Harga Paket",
    "Limit_Type": "Tipe Batas",
    "Unlimited": "Tak Terbatas",
    "Limited": "Terbatas",
    "Time_Limit": "Batas waktu",
    "Data_Limit": "Batas Data",
    "Both_Limit": "Keduanya Membatasi",
    "Plan_Validity": "Waktu Paket",
    "Select_Bandwidth": "Pilih Bandwidth",
    "Shared_Users": "Berbagi Pelanggan",
    "Choose_User_Type_Sales_to_disable_access_to_Settings": "Pilih Sales untuk menonaktifkan akses ke Pengaturan",
    "Current_Password": "Kata sandi saat ini",
    "New_Password": "Kata sandi baru",
    "Administrator": "Administrator",
    "Sales": "Sales",
    "Member": "Anggota",
    "Confirm_New_Password": "Konfirmasi sandi baru",
    "Confirm_Password": "Konfirmasi sandi",
    "Full_Name": "Nama Lengkap",
    "User_Type": "Tipe Pelanggan",
    "Address": "Alamat",
    "Created_On": "Dibuat pada",
    "Expires_On": "Kedaluwarsa pada",
    "Phone_Number": "Nomor telepon",
    "User_deleted_Successfully": "Pelanggan berhasil dihapus",
    "Full_Administrator": "Administrator Penuh",
    "Keep_Blank_to_do_not_change_Password": "Biarkan Kosong apabila tidak ingin mengubah Kata Sandi",
    "Keep_it_blank_if_you_do_not_want_to_show_currency_code": "Kosongkan jika Anda tidak ingin menampilkan kode mata uang",
    "Theme_Style": "Gaya Tema",
    "Theme_Color": "Warna Tema",
    "Default_Language": "Bahasa Bawaan",
    "Network": "Jaringan",
    "Routers": "Router",
    "IP_Pool": "IP Pool",
    "New_Router": "Router baru",
    "Add_Router": "Tambahkan Router",
    "Edit_Router": "Sunting Router",
    "Router_Name": "Nama Router",
    "IP_Address": "Alamat IP",
    "Router_Secret": "Password Router",
    "Description": "Deskrispi",
    "IP_Router_Already_Exist": "IP Router Sudah Ada",
    "Name_Pool": "Nama Pool",
    "Range_IP": "Rentang IP",
    "New_Pool": "Pool baru",
    "Add_Pool": "Tambahkan Pool",
    "Edit_Pool": "Sunting Pool",
    "Pool_Name_Already_Exist": "Nama Pool Sudah Ada",
    "Refill_Account": "Isi Ulang Akun",
    "Recharge_Account": "Isi Ulang Akun",
    "Select_Account": "Pilih Akun",
    "Service_Plan": "Paket Layanan",
    "Recharge": "Isi Ulang",
    "Method": "Metode",
    "Account_Created_Successfully": "Akun Berhasil Dibuat",
    "Database_Status": "Status Database",
    "Total_Database_Size": "Ukuran Total Database",
    "Download_Database_Backup": "Unduh Cadangan Database",
    "Table_Name": "Nama Tabel",
    "Rows": "Baris",
    "Size": "Ukuran",
    "Customer": "Pelanggan",
    "Add_New_Contact": "Tambahkan Kontak Baru",
    "Edit_Contact": "Sunting Kontak",
    "List_Contact": "Daftar Kontak",
    "Manage_Contact": "Kelola Kontak",
    "Reports": "Laporan",
    "Daily_Reports": "Laporan Harian",
    "Period_Reports": "Laporan Periode",
    "All_Transactions": "Semua Transaksi",
    "Total_Income": "Jumlah Pemasukan",
    "All_Transactions_at_Date": "Semua Transaksi pada Tanggal",
    "Export_for_Print": "Ekspor untuk Cetak",
    "Print": "Cetak",
    "Export_to_PDF": "Ekspor ke PDF",
    "Click_Here_to_Print": "Klik Disini untuk Mencetak",
    "You_can_use_html_tag": "Anda dapat menggunakan tag html",
    "Date_Format": "Format tanggal",
    "Income_Today": "Pendapatan Hari Ini",
    "Income_This_Month": "Penghasilan Bulan Ini",
    "Users_Active": "Pelanggan Aktif",
    "Total_Users": "Total Pelanggan",
    "Users": "Pelanggan",
    "Edit_User": "Sunting Pelanggan",
    "Last_Login": "Terakhir Masuk",
    "Administrator_Users": "Pengguna Administrator",
    "Manage_Administrator": "Kelola Administrator",
    "Add_New_Administrator": "Tambahkan Administrator Baru",
    "Localisation": "Lokalisasi",
    "Backup_Restore": "Cadangkan\/Pulihkan",
    "General_Settings": "Pengaturan Umum",
    "Date": "Tanggal",
    "Login_Successful": "Berhasil Masuk",
    "Failed_Login": "Gagal Masuk",
    "Settings_Saved_Successfully": "Pengaturan Berhasil Disimpan",
    "User_Updated_Successfully": "Pengguna Berhasil Diperbarui",
    "User_Expired__Today": "Pengguna Kedaluwarsa, Hari Ini",
    "Activity_Log": "Log Aktivitas",
    "View_Reports": "Lihat Laporan",
    "View_All": "Lihat semua",
    "Number_of_Vouchers": "Jumlah Voucher",
    "Length_Code": "Kode Panjang",
    "Code_Voucher": "Kode Voucher",
    "Voucher": "Voucher",
    "Hotspot_Voucher": "Voucher Hotspot",
    "Status_Voucher": "Voucher Status",
    "Add_Vouchers": "Tambah Voucher",
    "Create_Vouchers_Successfully": "Buat Voucher Berhasil",
    "Generate": "Menghasilkan",
    "Print_side_by_side__it_will_easy_to_cut": "Info Cetak",
    "From_Date": "Dari tanggal",
    "To_Date": "Hingga saat ini",
    "New_Service": "Layanan Baru",
    "Type": "Jenis",
    "Finish": "Menyelesaikan",
    "Application_Name__Company_Name": "Nama Aplikasi\/ Nama Perusahaan",
    "This_Name_will_be_shown_on_the_Title": "Nama ini akan ditampilkan pada Judul",
    "Next": "Berikutnya",
    "Last": "Terakhir",
    "Timezone": "Zona waktu",
    "Decimal_Point": "Titik Desimal",
    "Thousands_Separator": "Pemisah Ribuan",
    "Currency_Code": "Kode Mata Uang",
    "Order_Voucher": "Pesan Voucher",
    "Voucher_Activation": "Aktivasi Voucher",
    "List_Activated_Voucher": "Daftar Voucher yang Diaktifkan",
    "Enter_voucher_code_here": "Masukkan kode voucher di sini",
    "Private_Message": "Pesan Pribadi",
    "Inbox": "Kotak Masuk",
    "Outbox": "Kotak Keluar",
    "Compose": "Menyusun",
    "Send_to": "Kirim ke",
    "Title": "Judul",
    "Message": "Pesan",
    "Your_Account_Information": "Informasi Akun Anda",
    "Welcome_to_the_Panel_Members_page__on_this_page_you_can_": "Selamat datang di halaman Anggota Panel, di halaman ini Anda dapat:",
    "Invalid_Username_or_Password": "Nama pengguna atau kata sandi salah",
    "You_do_not_have_permission_to_access_this_page": "Anda tidak memiliki izin untuk mengakses halaman ini",
    "Incorrect_Current_Password": "Kata sandi saat ini salah",
    "Password_changed_successfully__Please_login_again": "Kata sandi berhasil diubah, silakan login kembali",
    "All_field_is_required": "Semua bidang wajib diisi",
    "Voucher_Not_Valid": "Voucher tidak berlaku",
    "Activation_Vouchers_Successfully": "Aktivasi Voucher Berhasil",
    "Data_Not_Found": "Data Tidak Ditemukan",
    "Search_by_Username": "Cari berdasarkan Nama Pengguna",
    "Search_by_Name": "Cari berdasarkan Nama",
    "Search_by_Code_Voucher": "Cari berdasarkan Kode Voucher",
    "Search": "Mencari",
    "Select_a_customer": "Pilih pelanggan",
    "Select_Routers": "Pilih Router",
    "Select_Plans": "Pilih Paket",
    "Select_Pool": "Pilih Pool",
    "Hrs": "Jam",
    "Mins": "Menit",
    "Days": "Hari",
    "Months": "Bulan",
    "Add_Language": "Tambahkan Bahasa",
    "Language_Name": "Nama Bahasa",
    "Folder_Name": "Nama Folder",
    "Translator": "Penerjemah",
    "Language_Name_Already_Exist": "Nama Bahasa Sudah Ada",
    "Payment_Gateway": "Gerbang Pembayaran",
    "Community": "Komunitas",
    "1_user_can_be_used_for_many_devices_": "1 pengguna bisa digunakan untuk banyak perangkat?",
    "Cannot_be_change_after_saved": "Tidak dapat diubah setelah disimpan",
    "Explain_Coverage_of_router": "Jelaskan Cakupan router",
    "Name_of_Area_that_router_operated": "Nama area tempat router dioperasikan",
    "Payment_Notification_URL__Recurring_Notification_URL__Pay_Account_Notification_URL": "URL Notifikasi Pembayaran, URL Notifikasi Berulang, URL Notifikasi Akun Bayar",
    "Finish_Redirect_URL__Unfinish_Redirect_URL__Error_Redirect_URL": "Selesaikan URL Pengalihan, Selesaikan URL Pengalihan, URL Pengalihan Kesalahan",
    "Status": "Status",
    "Plan_Not_found": "Paket tidak ditemukan",
    "Failed_to_create_transaction_": "Gagal membuat transaksi.",
    "Seller_has_not_yet_setup_Xendit_payment_gateway": "Penjual belum menyiapkan gateway pembayaran Xendit",
    "Admin_has_not_yet_setup_Xendit_payment_gateway__please_tell_admin": "Admin belum menyiapkan gerbang pembayaran Xendit, mohon beritahu admin",
    "Buy_this__your_active_package_will_be_overwrite": "Beli ini? Paket aktif Anda akan ditimpa",
    "You_already_have_unpaid_transaction__cancel_it_or_pay_it_": "Anda sudah memiliki transaksi yang belum dibayar, batalkan atau bayar.",
    "Transaction_Not_found": "Transaksi Tidak ditemukan",
    "Cancel_it_": "Batalkan itu?",
    "expired": "kedaluwarsa",
    "Check_for_Payment": "Periksa Pembayaran",
    "Transaction_still_unpaid_": "Transaksi masih belum dibayar.",
    "Paid_Date": "Tanggal Pembayaran",
    "Transaction_has_been_paid_": "Transaksi telah dibayar.",
    "PAID": "DIBAYAR",
    "CANCELED": "DIBATALKAN",
    "UNPAID": "BELUM DIBAYAR",
    "PAY_NOW": "BAYAR SEKARANG",
    "Buy_Hotspot_Plan": "Beli Paket Hotspot",
    "Buy_PPOE_Plan": "Beli Paket PPPoE",
    "Package": "Paket",
    "Order_Internet_Package": "Pesan Paket Internet",
    "Unknown_Command_": "Perintah Tidak Diketahui.",
    "Checking_payment": "Memeriksa pembayaran",
    "Create_Transaction_Success": "Transaksi Berhasil Dibuat",
    "You_have_unpaid_transaction": "Anda memiliki transaksi yang belum dibayar",
    "TripayPayment_Channel": "Saluran Pembayaran Tripay",
    "Payment_Channel": "Saluran Pembayaran",
    "Payment_check_failed_": "Pemeriksaan pembayaran gagal.",
    "Order_Package": "Pesan Paket",
    "Transactions": "Transaksi",
    "Payments": "Pembayaran",
    "History": "Riwayat",
    "Order_History": "Riwayat Pesanan",
    "Gateway": "Gerbang",
    "Date_Done": "Tanggal Selesai",
    "Unpaid_Order": "Pesanan Belum Dibayar",
    "Payment_Gateway_Not_Found": "Gerbang Pembayaran Tidak Ditemukan",
    "Payment_Gateway_saved_successfully": "Gerbang Pembayaran berhasil disimpan",
    "ORDER": "MEMESAN",
    "Package_History": "Riwayat Paket",
    "Buy_History": "Riwayat Beli",
    "Activation_History": "Riwayat Aktivasi",
    "Buy_Package": "Beli Paket",
    "Email": "Surel",
    "Company_Footer": "Catatan Kaki Perusahaan",
    "Will_show_below_user_pages": "Akan ditampilkan di bawah halaman pengguna",
    "Request_OTP": "Minta OTP",
    "Verification_Code": "Kode Verifikasi",
    "SMS_Verification_Code": "Kode Verifikasi SMS",
    "Please_enter_your_email_address": "Silakan masukkan alamat email Anda",
    "Failed_to_create_Paypal_transaction_": "Gagal membuat transaksi Paypal.",
    "Plugin": "Plugin",
    "Plugin_Manager": "Manajer Plugin",
    "User_Notification": "Pemberitahuan Pelanggan",
    "Expired_Notification": "Pemberitahuan Kedaluwarsa",
    "User_will_get_notification_when_package_expired": "Pengguna akan mendapat notifikasi ketika paket sudah habis masa berlakunya",
    "Expired_Notification_Message": "Pesan Pemberitahuan Kedaluwarsa",
    "Payment_Notification": "Notifikasi Pembayaran",
    "User_will_get_invoice_notification_when_buy_package_or_package_refilled": "Pengguna akan mendapatkan notifikasi invoice saat membeli paket atau isi ulang paket",
    "Current_IP": "IP saat ini",
    "Current_MAC": "MAC saat ini",
    "Login_Status": "Status Masuk",
    "Login_Request_successfully": "Permintaan Masuk berhasil",
    "Logout_Request_successfully": "Permintaan Keluar berhasil",
    "Disconnect_Internet_": "Putuskan sambungan Internet?",
    "Not_Online__Login_now_": "Tidak, Masuk sekarang?",
    "You_are_Online__Logout_": "Kamu sedang aktif, ingin keluar?",
    "Connect_to_Internet_": "Hubungkan ke Internet?",
    "Your_account_not_connected_to_internet": "Akun Anda tidak terhubung ke internet",
    "Failed_to_create_transaction__": "Gagal membuat transaksi. ",
    "Failed_to_check_status_transaction__": "Gagal memeriksa status transaksi.",
    "Disable_Voucher": "Nonaktifkan Voucher",
    "Balance": "Saldo",
    "Balance_System": "Saldo Sistem",
    "Enable_System": "Aktifkan Sistem",
    "Allow_Transfer": "Izinkan Transfer",
    "Telegram_Notification": "Pemberitahuan Telegram",
    "SMS_OTP_Registration": "Pendaftaran SMS OTP",
    "Whatsapp_Notification": "Pemberitahuan WhatsApp",
    "Tawk_to_Chat_Widget": "Widget Obrolan Tawk.to",
    "Invoice": "Faktur",
    "Country_Code_Phone": "Kode Negara Telepon",
    "Voucher_activation_menu_will_be_hidden": "Menu aktivasi voucher akan disembunyikan",
    "Customer_can_deposit_money_to_buy_voucher": "Pelanggan dapat menyetor uang untuk membeli voucher",
    "Allow_balance_transfer_between_customers": "Izinkan transfer saldo antar pelanggan",
    "Reminder_Notification": "Pemberitahuan Pengingat",
    "Reminder_Notification_Message": "Pesan Pemberitahuan Pengingat",
    "Reminder_7_days": "Pengingat 7 hari",
    "Reminder_3_days": "Pengingat 3 hari",
    "Reminder_1_day": "Pengingat 1 hari",
    "PPPOE_Password": "Kata sandi PPPoE",
    "User_Cannot_change_this__only_admin__if_it_Empty_it_will_use_user_password": "Pelanggan tidak dapat mengubah ini, hanya Admin. Jika kosong maka akan menggunakan kata sandi pelanggan",
    "Invoice_Balance_Message": "Faktur Pesan Saldo",
    "Invoice_Notification_Payment": "Faktur Pemberitahuan Pembayaran",
    "Balance_Notification_Payment": "Saldo Pemberitahuan Pembayaran",
    "Balance_Plans": "Paket Saldo",
    "Buy_Balance": "Beli Saldo",
    "Price": "Harga",
    "Validity": "Waktu",
    "Disable_auto_renewal_": "Nonaktifkan perpanjangan otomatis?",
    "Auto_Renewal_On": "Perpanjangan Otomatis Aktif",
    "Enable_auto_renewal_": "Aktifkan perpanjangan otomatis?",
    "Auto_Renewal_Off": "Perpanjangan Otomatis Mati",
    "Refill_Balance": "Isi Ulang Saldo",
    "Invoice_Footer": "Catatan Kaki Faktur",
    "Pay_With_Balance": "Bayar dengan Saldo",
    "Pay_this_with_Balance__your_active_package_will_be_overwrite": "Bayar ini dengan Saldo? Paket aktif Anda akan ditimpa",
    "Success_to_buy_package": "Berhasil membeli paket",
    "Auto_Renewal": "Perpanjangan otomatis",
    "View": "Melihat",
    "Back": "Kembali",
    "Active": "Aktif",
    "Transfer_Balance": "Kirim Saldo",
    "Send_your_balance_": "Kirim saldo Anda?",
    "Send": "Kirim",
    "Cannot_send_to_yourself": "Tidak dapat mengirim ke diri Anda sendiri",
    "Sending_balance_success": "Berhasil mengirim saldo",
    "From": "Dari",
    "To": "Ke",
    "insufficient_balance": "Saldo tidak mencukupi",
    "Send_Balance": "Kirim Saldo",
    "Received_Balance": "Saldo yang Diterima",
    "Minimum_Balance_Transfer": "Minimal Transfer Saldo",
    "Minimum_Transfer": "Minimal Transfer",
    "Company_Logo": "Logo Perusahaan",
    "Expired_IP_Pool": "IP Pool Kedaluwarsa",
    "Proxy": "Proksi",
    "Proxy_Server": "Server Proksi",
    "Proxy_Server_Login": "Masuk Server Proksi",
    "Hotspot_Plan": "Paket Hotspot",
    "PPPOE_Plan": "Paket PPPoE",
    "UNKNOWN": "TIDAK DIKENAL",
    "Are_You_Sure_": "Apa kamu yakin?",
    "Success_to_send_package": "Berhasil mengirim paket",
    "Target_has_active_plan__different_with_current_plant_": "Target mempunyai paket aktif, berbeda dengan paket saat ini.",
    "Recharge_a_friend": "Isi ulang teman",
    "Buy_for_friend": "Beli untuk teman",
    "Buy_this_for_friend_account_": "Beli ini untuk akun teman?",
    "Review_package_before_recharge": "Tinjau paket sebelum mengisi ulang",
    "Activate": "Mengaktifkan Paket",
    "Deactivate": "Menonaktifkan Paket",
    "Sync": "Sinkronisasi",
    "Failed_to_create_PaymeTrust_transaction_": "Gagal membuat transaksi PaymeTrust.",
    "Location": "Lokasi",
    "Radius_Plans": "Paket Radius",
    "Change_title_in_user_Plan_order": "Ubah judul dalam urutan paket pelanggan",
    "Logs": "Log",
    "Voucher_Format": "Format Voucher",
    "Resend_To_Customer": "Kirim Ulang Ke Pelanggan",
    "Service_Type": "Jenis Layanan",
    "Others": "Lainnya",
    "PPPoE": "PPPoE",
    "Hotspot": "Hotspot",
    "Monthly_Registered_Customers": "Pendaftaran Pelanggan perbulan",
    "Total_Monthly_Sales": "Total penjualan perbulan",
    "Active_Users": "Pelanggan Aktif",
    "SuperAdmin": "Admin Super",
    "Lists": "Daftar",
    "Vouchers": "Voucher",
    "Refill_Customer": "Isi Ulang Pelanggan",
    "Recharge_Customer": "Isi Ulang Pelanggan",
    "Plans": "Rencana",
    "PPPOE": "PPPOE",
    "Bandwidth": "Bandwidth",
    "Send_Message": "Mengirim pesan",
    "Single_Customer": "Pelanggan Tunggal",
    "Bulk_Customers": "Pelanggan Massal",
    "Radius": "Radius",
    "Radius_NAS": "Radius NAS",
    "Customer_Announcement": "Pengumuman Pelanggan",
    "Language_Editor": "Editor Bahasa",
    "Plan_Category": "Kategori Rencana",
    "ID": "PENGENAL",
    "Prev": "Sebelumnya",
    "Internet_Plan": "Paket Internet",
    "Generated_By": "Dihasilkan oleh",
    "All_Users_Insights": "Semua Wawasan Pengguna",
    "year": "tahun",
    "month": "bulan",
    "week": "pekan",
    "day": "hari",
    "hour": "jam",
    "minute": "menit",
    "second": "Kedua",
    "Account_Type": "Jenis akun",
    "Contact": "Kontak",
    "Paid": "Dibayar",
    "Personal": "Pribadi",
    "Coordinates": "Koordinat",
    "Confirm": "Mengonfirmasi",
    "Name": "Nama",
    "Plan": "Paket",
    "Using": "Menggunakan",
    "Total": "Total",
    "Additional_Cost": "Biaya tambahan",
    "Resend": "Kirim ulang",
    "Login": "Masuk",
    "success": "Sukses",
    "Click_Here": "Klik disini",
    "Your_friend_do_not_have_active_package": "Teman Anda tidak memiliki paket aktif",
    "If_your_friend_have_Additional_Cost__you_will_pay_for_that_too": "Jika teman Anda memiliki Biaya Tambahan, Anda juga akan membayarnya",
    "Select_Payment_Gateway": "Pilih Gerbang Pembayaran",
    "Available_Payment_Gateway": "Gerbang Pembayaran yang Tersedia",
    "Pay_Now": "Bayar sekarang",
    "Notes": "Catatan",

    "will_be_replaced_with_Customer_Name": "akan diganti dengan Nama Pelanggan",
"will_be_replaced_with_Customer_username": "akan diganti dengan nama pengguna Pelanggan",
"will_be_replaced_with_Package_name": "akan diganti dengan nama Paket",
"will_be_replaced_with_Package_price": "akan diganti dengan harga Paket",
"will_be_replaced_with_Expiration_date": "akan diganti dengan tanggal kedaluwarsa",
"additional_bills_for_customers": "tagihan tambahan untuk pelanggan",
"Your_Company_Name_at_Settings": "Nama Perusahaan Anda di Pengaturan",
"Your_Company_Address_at_Settings": "Alamat Perusahaan Anda di Pengaturan",
"Your_Company_Phone_at_Settings": "Telepon Perusahaan Anda di Pengaturan",
"Invoice_number": "Nomor faktur",
"Date_invoice_created": "Tanggal faktur dibuat",
"Payment_gateway_user_paid_from": "Pengguna gateway pembayaran membayar dari",
"Payment_channel_user_paid_from": "Pengguna saluran pembayaran membayar dari",
"is_Hotspot_or_PPPOE": "adalah Hotspot atau PPPOE",
"Internet_Package": "Paket Internet",
"Internet_Package_Prices": "Harga Paket Internet",
"Receiver_name": "Nama Penerima",
"Username_internet": "Nama pengguna internet",
"User_password": "Kata sandi pengguna",
"Transaction_datetime": Tanggal waktu transaksi",
"Balance_Before": "Saldo Sebelumnya",
"Balance_After": "Saldo Setelahnya",
"Invoice_Footer": Catatan Kaki Faktur",
"For_Notes_by_admin": "Untuk Catatan oleh admin",
"Receiver_name": "Nama Penerima",
"how_much_balance_have_been_send": "berapa banyak saldo yang telah dikirim",
"Current_Balance": "Saldo saat ini",
"Sender_name": "Nama pengirim"
}
