{
    "Log_in": "Oturum a\u00e7",
    "Register": "Kay\u0131t olmak",
    "Announcement": "Duyuru",
    "Registration_Info": "Kay\u0131t Bilgisi",
    "Voucher_not_found__please_buy_voucher_befor_register": "Kupon bulunamad\u0131, l\u00fctfen kay\u0131t olun ve kay\u0131t olun",
    "Register_Success__You_can_login_now": "Kay\u0131t Ba\u015far\u0131l\u0131! \u015eimdi giri\u015f yapabilirsiniz ",
    "Log_in_to_Member_Panel": "\u00dcye Paneli'ne giri\u015f yap\u0131n",
    "Register_as_Member": "\u00dcye olarak kay\u0131t ol",
    "Enter_Admin_Area": "Y\u00f6netici Paneli Giri\u015fi",
    "PHPNuxBill": "PHPNuxBill",
    "Username": "Kullan\u0131c\u0131 ad\u0131",
    "Password": "Parola",
    "Passwords_does_not_match": "Parolalar e\u015fle\u015fmiyor",
    "Account_already_axist": "Hesap zaten aksanl\u0131",
    "Manage": "Y\u00f6net",
    "Submit": "G\u00f6nder",
    "Save_Changes": "De\u011fi\u015fiklikleri Kaydet",
    "Cancel": "\u0130ptal etmek",
    "Edit": "D\u00fczenle",
    "Delete": "Sil",
    "Welcome": "Ho\u015fgeldiniz",
    "Data_Created_Successfully": "Veriler Ba\u015far\u0131yla Olu\u015fturuldu ",
    "Data_Updated_Successfully": "Veriler Ba\u015far\u0131yla G\u00fcncellendi",
    "Data_Deleted_Successfully": "Veri Ba\u015far\u0131yla Silindi",
    "Dashboard": "Dashboard",
    "Search_Customers___": "M\u00fc\u015fteri Ara ...",
    "My_Account": "Hesab\u0131m",
    "My_Profile": "Benim profilim",
    "Settings": "Ayarlar",
    "Edit_Profile": "Profili D\u00fczenle",
    "Change_Password": "\u015eifre de\u011fi\u015ftir",
    "Logout": "\u00c7\u0131k\u0131\u015f Yap",
    "Services": "Hizmetler",
    "Bandwidth_Plans": "Bant Geni\u015fli\u011fi Planlar\u0131",
    "Bandwidth_Name": "Bant Geni\u015fli\u011fi Ad\u0131",
    "New_Bandwidth": "Yeni Bant Geni\u015fli\u011fi",
    "Edit_Bandwidth": "Bant Geni\u015fli\u011fini D\u00fczenle",
    "Add_New_Bandwidth": "Yeni Bant Geni\u015fli\u011fi Ekle",
    "Rate_Download": "\u0130ndirme Oran\u0131",
    "Rate_Upload": "\u00dccret Y\u00fckleme",
    "Name_Bandwidth_Already_Exist": "Bandwidth Ad\u0131 Zaten Var",
    "Hotspot_Plans": "Hotspot Planlar\u0131",
    "PPPOE_Plans": "PPPOE Planlar\u0131",
    "Plan_Name": "Plan Ad\u0131",
    "New_Service_Plan": "Yeni Hizmet Plan\u0131",
    "Add_Service_Plan": "Hizmet Plan\u0131 Ekle",
    "Edit_Service_Plan": "Hizmet Plan\u0131n\u0131 D\u00fczenle",
    "Name_Plan_Already_Exist": "Plan\u0131 \u0130smi Zaten Var",
    "Plan_Type": "Plan T\u00fcr\u00fc",
    "Plan_Price": "Plan Fiyat\u0131",
    "Limit_Type": "S\u0131n\u0131r Tipi",
    "Unlimited": "S\u0131n\u0131rs\u0131z",
    "Limited": "S\u0131n\u0131rl\u0131",
    "Time_Limit": "Zaman s\u0131n\u0131r\u0131",
    "Data_Limit": "Veri S\u0131n\u0131r\u0131",
    "Both_Limit": "Her \u0130ki S\u0131n\u0131r",
    "Plan_Validity": "Plan Ge\u00e7erlili\u011fi",
    "Select_Bandwidth": "Bant Geni\u015fli\u011fini Se\u00e7",
    "Shared_Users": "Payla\u015f\u0131lan Kullan\u0131c\u0131lar",
    "Choose_User_Type_Sales_to_disable_access_to_Settings": "Ayarlar'a eri\u015fimi devre d\u0131\u015f\u0131 b\u0131rakmak i\u00e7in Kullan\u0131c\u0131 T\u00fcr\u00fc Sat\u0131\u015flar\u0131n\u0131 Se\u00e7",
    "Current_Password": "\u015eimdiki \u015eifre",
    "New_Password": "Yeni \u015eifre",
    "Administrator": "Y\u00f6netici",
    "Sales": "Sat\u0131\u015f",
    "Member": "\u00dcye",
    "Confirm_New_Password": "Yeni \u015fifreyi onayla",
    "Confirm_Password": "\u015eifreyi Onayla",
    "Full_Name": "Ad Soyad",
    "User_Type": "Kullan\u0131c\u0131 tipi",
    "Address": "Adres",
    "Created_On": "Olu\u015fturuldu",
    "Expires_On": "Tarihinde sona eriyor",
    "Phone_Number": "Telefon numaras\u0131",
    "User_deleted_Successfully": "Kullan\u0131c\u0131 Ba\u015far\u0131yla Silindi",
    "Full_Administrator": "Tam Y\u00f6netici",
    "Keep_Blank_to_do_not_change_Password": "\u015eifreyi de\u011fi\u015ftirmemek i\u00e7in bo\u015f tutun",
    "Keep_it_blank_if_you_do_not_want_to_show_currency_code": "Para birimi kodunu g\u00f6stermek istemiyorsan\u0131z bo\u015f b\u0131rak\u0131n",
    "Theme_Style": "Tema Stili",
    "Theme_Color": "Tema Rengi",
    "Default_Language": "Varsay\u0131lan dil",
    "Network": "A\u011f",
    "Routers": "Y\u00f6nlendiriciler",
    "IP_Pool": "IP Havuzu",
    "New_Router": "Yeni Y\u00f6nlendirici",
    "Add_Router": "Router ekle",
    "Edit_Router": "Y\u00f6nlendiriciyi D\u00fczenle",
    "Router_Name": "Y\u00f6nlendirici Ad\u0131",
    "IP_Address": "IP adresi",
    "Router_Secret": "Y\u00f6nlendirici S\u0131rr\u0131",
    "Description": "A\u00e7\u0131klama",
    "IP_Router_Already_Exist": "IP Router Zaten Var",
    "Name_Pool": "\u0130sim Havuzu",
    "Range_IP": "Aral\u0131k \u0130P",
    "New_Pool": "Yeni Havuz",
    "Add_Pool": "Havuz ekle",
    "Edit_Pool": "Havuzu D\u00fczenle",
    "Pool_Name_Already_Exist": "Havuz Ad\u0131 \u200b\u200bZaten Var",
    "Refill_Account": "Hesab\u0131 Yenile",
    "Recharge_Account": "Hesab\u0131 Yeniden \u015earj Et",
    "Select_Account": "Hesap Se\u00e7",
    "Service_Plan": "Servis plan\u0131",
    "Recharge": "\u015earj",
    "Method": "Y\u00f6ntem",
    "Account_Created_Successfully": "Hesap ba\u015far\u0131yla olu\u015fturuldu",
    "Database_Status": "Veritaban\u0131 Durumu",
    "Total_Database_Size": "Toplam Veritaban\u0131 Boyutu",
    "Download_Database_Backup": "Veritaban\u0131 Yedekleme \u0130ndir",
    "Table_Name": "Tablo ismi",
    "Rows": "Sat\u0131r",
    "Size": "Boyut",
    "Customer": "M\u00fc\u015fteri",
    "Add_New_Contact": "Yeni \u0130leti\u015fim Ekle",
    "Edit_Contact": "\u0130leti\u015fim D\u00fczenle",
    "List_Contact": "Liste \u0130rtibat",
    "Manage_Contact": "Ki\u015fiyi Y\u00f6netin",
    "Reports": "Raporlar",
    "Daily_Reports": "G\u00fcnl\u00fck raporlar",
    "Period_Reports": "D\u00f6nem Raporlar\u0131",
    "All_Transactions": "T\u00fcm \u0130\u015flemler",
    "Total_Income": "Toplam gelir",
    "All_Transactions_at_Date": "Tarihte T\u00fcm \u0130\u015flemler",
    "Export_for_Print": "Bask\u0131 i\u00e7in \u0130hracat",
    "Print": "Bask\u0131",
    "Export_to_PDF": "PDF'ye Aktar",
    "Click_Here_to_Print": "Yazd\u0131rmak i\u00e7in Buraya T\u0131klay\u0131n",
    "You_can_use_html_tag": "Html etiketini kullanabilirsiniz",
    "Date_Format": "Tarih format\u0131",
    "Income_Today": "Gelir Bug\u00fcn",
    "Income_This_Month": "Bu Ay Gelir",
    "Users_Active": "Kullan\u0131c\u0131lar Aktif",
    "Total_Users": "Toplam Kullan\u0131c\u0131",
    "Users": "Kullan\u0131c\u0131lar",
    "Edit_User": "Kullan\u0131c\u0131y\u0131 d\u00fczenle",
    "Last_Login": "Son giri\u015f",
    "Administrator_Users": "Y\u00f6netici Kullan\u0131c\u0131lar\u0131",
    "Manage_Administrator": "Y\u00f6netici Y\u00f6net",
    "Add_New_Administrator": "Yeni Y\u00f6netici Ekleyin",
    "Localisation": "Lokalizasyon",
    "Backup_Restore": "Yedekleme \/ Geri",
    "General_Settings": "Genel Ayarlar",
    "Date": "Tarih",
    "Login_Successful": "Giri\u015f ba\u015far\u0131l\u0131",
    "Failed_Login": "Ba\u015far\u0131s\u0131z oturum a\u00e7ma",
    "Settings_Saved_Successfully": "Ayarlar ba\u015far\u0131yla kaydedildi",
    "User_Updated_Successfully": "Kullan\u0131c\u0131 Ba\u015far\u0131yla G\u00fcncellendi",
    "User_Expired__Today": "Kullan\u0131c\u0131 S\u00fcresi Doldu, Bug\u00fcn",
    "Activity_Log": "Etkinlik G\u00fcnl\u00fc\u011f\u00fc",
    "View_Reports": "Raporlar\u0131 G\u00f6r\u00fcnt\u00fcle",
    "View_All": "Hepsini g\u00f6r",
    "Number_of_Vouchers": "Kuponlar\u0131n Say\u0131s\u0131",
    "Length_Code": "Uzunluk Kodu",
    "Code_Voucher": "Kod Makbuzu",
    "Voucher": "Fi\u015f",
    "Hotspot_Voucher": "Hotspot Kuponu",
    "Status_Voucher": "Durum Makbuzu",
    "Add_Vouchers": "Kupon Ekle",
    "Create_Vouchers_Successfully": "Kuponlar\u0131 ba\u015far\u0131yla olu\u015ftur",
    "Generate": "Genel",
    "Print_side_by_side__it_will_easy_to_cut": "Yanyana yazd\u0131r\u0131rsan\u0131z, kesmesi daha kolay olacakt\u0131r.",
    "From_Date": "\u0130tibaren",
    "To_Date": "Bug\u00fcne kadar",
    "New_Service": "Yeni Servis",
    "Type": "T\u00fcr",
    "Finish": "Biti\u015f",
    "Application_Name__Company_Name": "Uygulama Ad\u0131 \/ \u015eirket Ad\u0131",
    "This_Name_will_be_shown_on_the_Title": "Bu \u0130sim Ba\u015fl\u0131kta g\u00f6sterilecek",
    "Next": "Sonraki",
    "Last": "Son",
    "Timezone": "Saat dilimi",
    "Decimal_Point": "Ondal\u0131k nokta",
    "Thousands_Separator": "Bin Ay\u0131r\u0131c\u0131",
    "Currency_Code": "Para Birimi Kodu",
    "Order_Voucher": "Sipari\u015f Makbuzu",
    "Voucher_Activation": "Kupon Aktivasyonu",
    "List_Activated_Voucher": "Aktif Fi\u015f Listesi",
    "Enter_voucher_code_here": "Kupon kodunu buraya girin",
    "Private_Message": "\u00d6zel mesaj",
    "Inbox": "Gelen kutusu",
    "Outbox": "Giden",
    "Compose": "Olu\u015fturma",
    "Send_to": "G\u00f6nderildi",
    "Title": "Ba\u015fl\u0131k",
    "Message": "Mesaj",
    "Your_Account_Information": "Hesap Bilgileriniz",
    "Invalid_Username_or_Password": "Ge\u00e7ersiz kullan\u0131c\u0131 ad\u0131 veya \u015fifre",
    "You_do_not_have_permission_to_access_this_page": "Bu sayfaya eri\u015fim izniniz yok",
    "Incorrect_Current_Password": "Yanl\u0131\u015f Ge\u00e7erli \u015eifre",
    "Password_changed_successfully__Please_login_again": "\u015eifre ba\u015far\u0131yla de\u011fi\u015ftirildi, L\u00fctfen tekrar giri\u015f yap\u0131n",
    "All_field_is_required": "T\u00fcm alan gerekli",
    "Voucher_Not_Valid": "Kupon Ge\u00e7erli De\u011fil",
    "Activation_Vouchers_Successfully": "Aktivasyon Kuponlar\u0131 Ba\u015far\u0131yla",
    "Data_Not_Found": "Veri bulunamad\u0131",
    "Search_by_Username": "Kullan\u0131c\u0131 Ad\u0131na G\u00f6re Ara",
    "Search_by_Name": "\u0130sme G\u00f6re Ara",
    "Search_by_Code_Voucher": "Kod Makbuzuna G\u00f6re Ara",
    "Search": "Arama",
    "Select_a_customer": "Bir m\u00fc\u015fteri se\u00e7in",
    "Select_Routers": "Router'lar\u0131 Se\u00e7",
    "Select_Plans": "Planlar\u0131 Se\u00e7",
    "Select_Pool": "Havuz Se\u00e7",
    "Hrs": "Saat",
    "Mins": "Dk",
    "Days": "G\u00fcn",
    "Months": "Ay",
    "Add_Language": "Dil Ekle",
    "Language_Name": "Dil ad\u0131",
    "Folder_Name": "Klas\u00f6r ad\u0131",
    "Translator": "\u00c7evirmen",
    "Language_Name_Already_Exist": "Dil Ad\u0131 Zaten Var",
    "Payment_Gateway": "Payment Gateway",
    "Community": "Community",
    "1_user_can_be_used_for_many_devices_": "1 user can be used for many devices?",
    "Cannot_be_change_after_saved": "Cannot be change after saved",
    "Explain_Coverage_of_router": "Jelaskan Cakupan wilayah hotspot",
    "Name_of_Area_that_router_operated": "Nama Lokasi\/Wilayah Router beroperasi",
    "Payment_Notification_URL__Recurring_Notification_URL__Pay_Account_Notification_URL": "Payment Notification URL, Recurring Notification URL, Pay Account Notification URL",
    "Finish_Redirect_URL__Unfinish_Redirect_URL__Error_Redirect_URL": "Finish Redirect URL, Unfinish Redirect URL, Error Redirect URL",
    "Status": "Status",
    "Plan_Not_found": "Plan Not found",
    "Failed_to_create_transaction_": "Failed to create transaction.",
    "Seller_has_not_yet_setup_Xendit_payment_gateway": "Seller has not yet setup Xendit payment gateway",
    "Admin_has_not_yet_setup_Xendit_payment_gateway__please_tell_admin": "Admin has not yet setup Xendit payment gateway, please tell admin",
    "Buy_this__your_active_package_will_be_overwrite": "Buy this? your active package will be overwrite",
    "You_already_have_unpaid_transaction__cancel_it_or_pay_it_": "You already have unpaid transaction, cancel it or pay it.",
    "Transaction_Not_found": "Transaction Not found",
    "Cancel_it_": "Cancel it?",
    "expired": "expired",
    "Check_for_Payment": "Check for Payment",
    "Transaction_still_unpaid_": "Transaction still unpaid.",
    "Paid_Date": "Paid Date",
    "Transaction_has_been_paid_": "Transaction has been paid.",
    "PAID": "PAID",
    "CANCELED": "CANCELED",
    "UNPAID": "UNPAID",
    "PAY_NOW": "PAY NOW",
    "Buy_Hotspot_Plan": "Buy Hotspot Plan",
    "Buy_PPOE_Plan": "Buy PPOE Plan",
    "Package": "Package",
    "Order_Internet_Package": "Order Internet Package",
    "Unknown_Command_": "Unknown Command.",
    "Checking_payment": "Checking payment",
    "Create_Transaction_Success": "Create Transaction Success",
    "You_have_unpaid_transaction": "You have unpaid transaction",
    "TripayPayment_Channel": "TripayPayment Channel",
    "Payment_Channel": "Payment Channel",
    "Payment_check_failed_": "Payment check failed.",
    "Order_Package": "Order Package",
    "Transactions": "Transactions",
    "Payments": "Payments",
    "History": "History",
    "Order_History": "Order History",
    "Gateway": "Gateway",
    "Date_Done": "Date Done",
    "Unpaid_Order": "Unpaid Order",
    "Payment_Gateway_Not_Found": "Payment Gateway Not Found",
    "Payment_Gateway_saved_successfully": "Payment Gateway saved successfully",
    "ORDER": "ORDER",
    "Package_History": "Package History",
    "Buy_History": "Buy History",
    "Activation_History": "Activation History",
    "Buy_Package": "Buy Package",
    "Email": "Email",
    "Company_Footer": "Company Footer",
    "Will_show_below_user_pages": "Will show below user pages",
    "Request_OTP": "Request OTP",
    "Verification_Code": "Verification Code",
    "SMS_Verification_Code": "SMS Verification Code",
    "Please_enter_your_email_address": "Please enter your email address",
    "Failed_to_create_Paypal_transaction_": "Failed to create Paypal transaction.",
    "Plugin": "Plugin",
    "Plugin_Manager": "Plugin Manager",
    "User_Notification": "User Notification",
    "Expired_Notification": "Expired Notification",
    "User_will_get_notification_when_package_expired": "User will get notification when package expired",
    "Expired_Notification_Message": "Expired Notification Message",
    "Payment_Notification": "Payment Notification",
    "User_will_get_invoice_notification_when_buy_package_or_package_refilled": "User will get invoice notification when buy package or package refilled",
    "Current_IP": "Current IP",
    "Current_MAC": "Current MAC",
    "Login_Status": "Login Status",
    "Login_Request_successfully": "Login Request successfully",
    "Logout_Request_successfully": "Logout Request successfully",
    "Disconnect_Internet_": "Disconnect Internet?",
    "Not_Online__Login_now_": "Not Online, Login now?",
    "You_are_Online__Logout_": "You are Online, Logout?",
    "Connect_to_Internet_": "Connect to Internet?",
    "Your_account_not_connected_to_internet": "Your account not connected to internet",
    "Balance": "Balance",
    "Balance_System": "Balance System",
    "Enable_System": "Enable System",
    "Allow_Transfer": "Allow Transfer",
    "Telegram_Notification": "Telegram Notification",
    "SMS_OTP_Registration": "SMS OTP Registration",
    "Whatsapp_Notification": "Whatsapp Notification",
    "Tawk_to_Chat_Widget": "Tawk.to Chat Widget",
    "Invoice": "Invoice",
    "Country_Code_Phone": "Country Code Phone",
    "Voucher_activation_menu_will_be_hidden": "Voucher activation menu will be hidden",
    "Customer_can_deposit_money_to_buy_voucher": "Customer can deposit money to buy voucher",
    "Allow_balance_transfer_between_customers": "Allow balance transfer between customers",
    "Failed_to_create_transaction__": "Failed to create transaction. ",
    "Failed_to_check_status_transaction__": "Failed to check status transaction. ",
    "Disable_Voucher": "Disable Voucher",
    "Reminder_Notification": "Reminder Notification",
    "Reminder_Notification_Message": "Reminder Notification Message",
    "Reminder_7_days": "Reminder 7 days",
    "Reminder_3_days": "Reminder 3 days",
    "Reminder_1_day": "Reminder 1 day",
    "PPPOE_Password": "PPPOE Password",
    "User_Cannot_change_this__only_admin__if_it_Empty_it_will_use_user_password": "User Cannot change this, only admin. if it Empty it will use user password",
    "Invoice_Balance_Message": "Invoice Balance Message",
    "Invoice_Notification_Payment": "Invoice Notification Payment",
    "Balance_Notification_Payment": "Balance Notification Payment",
    "Balance_Plans": "Balance Plans",
    "Buy_Balance": "Buy Balance",
    "Price": "Price",
    "Validity": "Validity",
    "Disable_auto_renewal_": "Disable auto renewal?",
    "Auto_Renewal_On": "Auto Renewal On",
    "Enable_auto_renewal_": "Enable auto renewal?",
    "Auto_Renewal_Off": "Auto Renewal Off",
    "Refill_Balance": "Refill Balance",
    "Invoice_Footer": "Invoice Footer",
    "Pay_With_Balance": "Pay With Balance",
    "Pay_this_with_Balance__your_active_package_will_be_overwrite": "Pay this with Balance? your active package will be overwrite",
    "Success_to_buy_package": "Success to buy package",
    "Auto_Renewal": "Auto Renewal",
    "View": "View",
    "Back": "Back",
    "Active": "Active",
    "Transfer_Balance": "Transfer Balance",
    "Send_your_balance_": "Send your balance?",
    "Send": "Send",
    "Cannot_send_to_yourself": "Cannot send to yourself",
    "Sending_balance_success": "Sending balance success",
    "From": "From",
    "To": "To",
    "insufficient_balance": "insufficient balance",
    "Send_Balance": "Send Balance",
    "Received_Balance": "Received Balance",
    "Minimum_Balance_Transfer": "Minimum Balance Transfer",
    "Minimum_Transfer": "Minimum Transfer",
    "Company_Logo": "Company Logo",
    "Expired_IP_Pool": "Expired IP Pool",
    "Proxy": "Proxy",
    "Proxy_Server": "Proxy Server",
    "Proxy_Server_Login": "Proxy Server Login",
    "Hotspot_Plan": "Hotspot Plan",
    "PPPOE_Plan": "PPPOE Plan",
    "UNKNOWN": "UNKNOWN",
    "Are_You_Sure_": "Are You Sure?",
    "Success_to_send_package": "Success to send package",
    "Target_has_active_plan__different_with_current_plant_": "Target has active plan, different with current plant.",
    "Recharge_a_friend": "Recharge a friend",
    "Buy_for_friend": "Buy for friend",
    "Buy_this_for_friend_account_": "Buy this for friend account?",
    "Review_package_before_recharge": "Review package before recharge",
    "Activate": "Activate",
    "Deactivate": "Deactivate",
    "Sync": "Sync",
    "Failed_to_create_PaymeTrust_transaction_": "Failed to create PaymeTrust transaction.",
    "Location": "Location",
    "Voucher_Format": "Voucher Format",
    "Service_Type": "Service Type",
    "Others": "Others",
    "PPPoE": "PPPoE",
    "Hotspot": "Hotspot",
    "Monthly_Registered_Customers": "Monthly Registered Customers",
    "Total_Monthly_Sales": "Total Monthly Sales",
    "Active_Users": "Active Users"
}